date,PM25
2014-12-10,181.0
2014-12-11,191.0
2014-12-12,184.0
2014-12-13,147.0
2014-12-14,139.0
2014-12-15,164.0
2014-12-16,160.0
2014-12-17,159.0
2014-12-18,163.0
2014-12-19,158.0
2014-12-20,158.0
2014-12-21,170.0
2014-12-22,186.0
2014-12-23,184.0
2014-12-24,194.0
2014-12-25,193.0
2014-12-26,173.0
2014-12-27,156.0
2014-12-28,162.0
2014-12-29,162.25
2014-12-30,162.5
2014-12-31,162.75
2015-01-01,163.0
2015-01-02,165.0
2015-01-03,170.0
2015-01-04,159.0
2015-01-05,145.0
2015-01-06,154.0
2015-01-07,164.0
2015-01-08,169.0
2015-01-09,159.0
2015-01-10,164.0
2015-01-11,168.0
2015-01-12,170.0
2015-01-13,169.0
2015-01-14,174.0
2015-01-15,161.0
2015-01-16,152.0
2015-01-17,155.0
2015-01-18,162.0
2015-01-19,176.0
2015-01-20,168.0
2015-01-21,155.0
2015-01-22,138.0
2015-01-23,88.0
2015-01-24,129.0
2015-01-25,168.0
2015-01-26,152.0
2015-01-27,145.0
2015-01-28,156.0
2015-01-29,155.0
2015-01-30,154.0
2015-01-31,149.0
2015-02-01,209.0
2015-02-02,161.0
2015-02-03,163.0
2015-02-04,177.0
2015-02-05,180.0
2015-02-06,167.0
2015-02-07,165.0
2015-02-08,157.0
2015-02-09,160.0
2015-02-10,165.0
2015-02-11,172.0
2015-02-12,162.0
2015-02-13,172.0
2015-02-14,172.0
2015-02-15,171.0
2015-02-16,160.0
2015-02-17,163.0
2015-02-18,163.0
2015-02-19,162.0
2015-02-20,159.0
2015-02-21,182.0
2015-02-22,181.0
2015-02-23,192.0
2015-02-24,199.0
2015-02-25,156.0
2015-02-26,154.0
2015-02-27,137.0
2015-02-28,145.0
2015-03-01,113.0
2015-03-02,136.0
2015-03-03,159.0
2015-03-04,153.0
2015-03-05,156.0
2015-03-06,241.0
2015-03-07,180.0
2015-03-08,155.0
2015-03-09,155.0
2015-03-10,152.0
2015-03-11,148.0
2015-03-12,144.0
2015-03-13,140.0
2015-03-14,165.0
2015-03-15,107.0
2015-03-16,100.0
2015-03-17,88.0
2015-03-18,152.0
2015-03-19,172.0
2015-03-20,168.0
2015-03-21,199.0
2015-03-22,189.0
2015-03-23,163.0
2015-03-24,148.0
2015-03-25,153.0
2015-03-26,179.0
2015-03-27,173.0
2015-03-28,181.0
2015-03-29,142.0
2015-03-30,142.0
2015-03-31,103.0
2015-04-01,94.0
2015-04-02,93.0
2015-04-03,79.0
2015-04-04,91.0
2015-04-05,121.0
2015-04-06,173.0
2015-04-07,163.0
2015-04-08,156.0
2015-04-09,152.0
2015-04-10,134.0
2015-04-11,130.0
2015-04-12,101.0
2015-04-13,115.0
2015-04-14,125.0
2015-04-15,140.0
2015-04-16,124.0
2015-04-17,120.0
2015-04-18,130.0
2015-04-19,105.0
2015-04-20,89.0
2015-04-21,117.0
2015-04-22,104.0
2015-04-23,114.0
2015-04-24,121.0
2015-04-25,106.0
2015-04-26,97.0
2015-04-27,92.0
2015-04-28,77.0
2015-04-29,90.0
2015-04-30,110.0
2015-05-01,74.0
2015-05-02,97.0
2015-05-03,106.0
2015-05-04,108.0
2015-05-05,109.0
2015-05-06,114.0
2015-05-07,92.0
2015-05-08,80.0
2015-05-09,93.0
2015-05-10,74.0
2015-05-11,81.0
2015-05-12,78.0
2015-05-13,81.0
2015-05-14,87.0
2015-05-15,94.0
2015-05-16,101.0
2015-05-17,75.0
2015-05-18,64.0
2015-05-19,60.0
2015-05-20,53.0
2015-05-21,64.0
2015-05-22,57.0
2015-05-23,53.0
2015-05-24,58.0
2015-05-25,61.0
2015-05-26,59.0
2015-05-27,64.0
2015-05-28,60.0
2015-05-29,58.0
2015-05-30,69.0
2015-05-31,79.0
2015-06-01,64.0
2015-06-02,61.0
2015-06-03,66.0
2015-06-04,72.0
2015-06-05,75.0
2015-06-06,93.0
2015-06-07,55.0
2015-06-08,58.0
2015-06-09,45.0
2015-06-10,30.0
2015-06-11,44.0
2015-06-12,49.0
2015-06-13,64.0
2015-06-14,73.0
2015-06-15,72.0
2015-06-16,64.0
2015-06-17,60.0
2015-06-18,47.0
2015-06-19,32.0
2015-06-20,36.0
2015-06-21,57.0
2015-06-22,81.0
2015-06-23,70.0
2015-06-24,86.0
2015-06-25,92.0
2015-06-26,94.0
2015-06-27,94.0
2015-06-28,81.0
2015-06-29,80.0
2015-06-30,79.0
2015-07-01,76.0
2015-07-02,56.0
2015-07-03,51.0
2015-07-04,52.0
2015-07-05,48.0
2015-07-06,49.0
2015-07-07,54.0
2015-07-08,47.0
2015-07-09,49.0
2015-07-10,63.0
2015-07-11,64.0
2015-07-12,63.0
2015-07-13,62.0
2015-07-14,65.0
2015-07-15,68.0
2015-07-16,71.0
2015-07-17,74.0
2015-07-18,67.0
2015-07-19,57.0
2015-07-20,58.0
2015-07-21,55.0
2015-07-22,65.0
2015-07-23,92.0
2015-07-24,56.0
2015-07-25,51.666666666666664
2015-07-26,47.333333333333336
2015-07-27,43.0
2015-07-28,38.66666666666667
2015-07-29,34.333333333333336
2015-07-30,30.0
2015-07-31,39.0
2015-08-01,42.0
2015-08-02,45.0
2015-08-03,47.0
2015-08-04,53.0
2015-08-05,47.0
2015-08-06,51.0
2015-08-07,55.0
2015-08-08,58.0
2015-08-09,62.0
2015-08-10,71.0
2015-08-11,74.0
2015-08-12,80.0
2015-08-13,57.0
2015-08-14,47.0
2015-08-15,44.0
2015-08-16,50.0
2015-08-17,67.0
2015-08-18,65.0
2015-08-19,71.0
2015-08-20,63.0
2015-08-21,47.0
2015-08-22,41.0
2015-08-23,48.0
2015-08-24,46.0
2015-08-25,56.0
2015-08-26,56.0
2015-08-27,44.0
2015-08-28,61.0
2015-08-29,71.0
2015-08-30,63.0
2015-08-31,78.0
2015-09-01,77.0
2015-09-02,84.0
2015-09-03,103.0
2015-09-04,108.0
2015-09-05,109.0
2015-09-06,86.0
2015-09-07,66.0
2015-09-08,74.0
2015-09-09,79.0
2015-09-10,86.0
2015-09-11,117.0
2015-09-12,88.0
2015-09-13,92.0
2015-09-14,81.0
2015-09-15,50.0
2015-09-16,81.0
2015-09-17,40.0
2015-09-18,73.0
2015-09-19,62.0
2015-09-20,63.0
2015-09-21,54.0
2015-09-22,64.0
2015-09-23,81.0
2015-09-24,103.0
2015-09-25,116.0
2015-09-26,115.0
2015-09-27,97.0
2015-09-28,115.0
2015-09-29,153.0
2015-09-30,147.0
2015-10-01,153.0
2015-10-02,126.0
2015-10-03,87.0
2015-10-04,96.0
2015-10-05,115.0
2015-10-06,157.0
2015-10-07,171.0
2015-10-08,172.0
2015-10-09,96.0
2015-10-10,71.0
2015-10-11,80.0
2015-10-12,95.0
2015-10-13,139.0
2015-10-14,160.0
2015-10-15,169.0
2015-10-16,156.0
2015-10-17,159.0
2015-10-18,156.0
2015-10-19,163.0
2015-10-20,160.0
2015-10-21,172.0
2015-10-22,172.25
2015-10-23,172.5
2015-10-24,172.75
2015-10-25,173.0
2015-10-26,163.0
2015-10-27,156.0
2015-10-28,175.0
2015-10-29,174.0
2015-10-30,154.0
2015-10-31,157.0
2015-11-01,155.0
2015-11-02,153.0
2015-11-03,166.0
2015-11-04,171.0
2015-11-05,183.0
2015-11-06,177.0
2015-11-07,152.0
2015-11-08,159.0
2015-11-09,161.875
2015-11-10,164.75
2015-11-11,167.625
2015-11-12,170.5
2015-11-13,173.375
2015-11-14,176.25
2015-11-15,179.125
2015-11-16,182.0
2015-11-17,171.0
2015-11-18,161.0
2015-11-19,152.0
2015-11-20,151.0
2015-11-21,145.0
2015-11-22,133.0
2015-11-23,148.0
2015-11-24,92.0
2015-11-25,153.0
2015-11-26,154.5
2015-11-27,156.0
2015-11-28,156.0
2015-11-29,167.0
2015-11-30,175.0
2015-12-01,178.0
2015-12-02,185.0
2015-12-03,172.0
2015-12-04,170.0
2015-12-05,164.0
2015-12-06,166.0
2015-12-07,160.0
2015-12-08,166.0
2015-12-09,174.0
2015-12-10,166.0
2015-12-11,169.0
2015-12-12,175.0
2015-12-13,171.0
2015-12-14,181.0
2015-12-15,186.0
2015-12-16,191.0
2015-12-17,169.0
2015-12-18,165.0
2015-12-19,179.0
2015-12-20,219.0
2015-12-21,183.0
2015-12-22,161.0
2015-12-23,194.0
2015-12-24,173.0
2015-12-25,152.0
2015-12-26,166.0
2015-12-27,176.0
2015-12-28,182.0
2015-12-29,189.0
2015-12-30,188.0
2015-12-31,187.25
2016-01-01,186.5
2016-01-02,185.75
2016-01-03,185.0
2016-01-04,188.0
2016-01-05,187.0
2016-01-06,212.0
2016-01-07,242.0
2016-01-08,211.0
2016-01-09,194.0
2016-01-10,178.0
2016-01-11,197.0
2016-01-12,181.0
2016-01-13,173.0
2016-01-14,217.0
2016-01-15,163.0
2016-01-16,149.0
2016-01-17,149.0
2016-01-18,174.0
2016-01-19,142.0
2016-01-20,159.0
2016-01-21,163.0
2016-01-22,146.0
2016-01-23,163.0
2016-01-24,173.0
2016-01-25,195.0
2016-01-26,168.0
2016-01-27,173.0
2016-01-28,217.0
2016-01-29,218.0
2016-01-30,195.0
2016-01-31,179.0
2016-02-01,193.0
2016-02-02,173.0
2016-02-03,193.0
2016-02-04,185.0
2016-02-05,205.0
2016-02-06,165.0
2016-02-07,119.0
2016-02-08,148.0
2016-02-09,214.0
2016-02-10,158.0
2016-02-11,118.0
2016-02-12,117.0
2016-02-13,150.0
2016-02-14,148.0
2016-02-15,166.0
2016-02-16,165.0
2016-02-17,169.0
2016-02-18,162.0
2016-02-19,147.0
2016-02-20,140.0
2016-02-21,158.0
2016-02-22,139.0
2016-02-23,168.0
2016-02-24,173.0
2016-02-25,116.0
2016-02-26,159.0
2016-02-27,205.0
2016-02-28,179.0
2016-02-29,188.0
2016-03-01,198.0
2016-03-02,180.0
2016-03-03,170.0
2016-03-04,126.0
2016-03-05,141.0
2016-03-06,107.0
2016-03-07,136.0
2016-03-08,145.0
2016-03-09,127.0
2016-03-10,156.0
2016-03-11,168.0
2016-03-12,114.0
2016-03-13,67.0
2016-03-14,95.0
2016-03-15,99.0
2016-03-16,100.0
2016-03-17,122.0
2016-03-18,124.0
2016-03-19,126.0
2016-03-20,128.0
2016-03-21,130.0
2016-03-22,163.0
2016-03-23,160.0
2016-03-24,157.0
2016-03-25,131.0
2016-03-26,138.0
2016-03-27,153.0
2016-03-28,134.0
2016-03-29,140.0
2016-03-30,134.0
2016-03-31,102.0
2016-04-01,83.0
2016-04-02,88.0
2016-04-03,111.0
2016-04-04,114.0
2016-04-05,88.0
2016-04-06,77.0
2016-04-07,83.0
2016-04-08,107.0
2016-04-09,113.0
2016-04-10,115.0
2016-04-11,116.0
2016-04-12,107.0
2016-04-13,99.0
2016-04-14,121.0
2016-04-15,107.0
2016-04-16,107.0
2016-04-17,107.0
2016-04-18,107.0
2016-04-19,104.0
2016-04-20,130.0
2016-04-21,113.0
2016-04-22,73.0
2016-04-23,83.0
2016-04-24,81.0
2016-04-25,90.0
2016-04-26,85.0
2016-04-27,82.0
2016-04-28,79.0
2016-04-29,76.0
2016-04-30,83.0
2016-05-01,73.0
2016-05-02,66.0
2016-05-03,73.0
2016-05-04,75.0
2016-05-05,49.0
2016-05-06,59.0
2016-05-07,69.0
2016-05-08,61.0
2016-05-09,62.0
2016-05-10,67.0
2016-05-11,57.0
2016-05-12,60.0
2016-05-13,68.0
2016-05-14,69.0
2016-05-15,59.0
2016-05-16,59.0
2016-05-17,63.0
2016-05-18,62.0
2016-05-19,56.0
2016-05-20,41.0
2016-05-21,66.0
2016-05-22,58.0
2016-05-23,44.0
2016-05-24,41.0
2016-05-25,37.0
2016-05-26,60.0
2016-05-27,63.0
2016-05-28,59.0
2016-05-29,46.0
2016-05-30,54.0
2016-05-31,39.0
2016-06-01,68.0
2016-06-02,60.0
2016-06-03,54.0
2016-06-04,60.0
2016-06-05,55.0
2016-06-06,96.0
2016-06-07,75.0
2016-06-08,55.0
2016-06-09,61.0
2016-06-10,60.0
2016-06-11,72.0
2016-06-12,55.0
2016-06-13,63.0
2016-06-14,72.0
2016-06-15,68.0
2016-06-16,88.0
2016-06-17,79.0
2016-06-18,80.0
2016-06-19,80.0
2016-06-20,99.0
2016-06-21,51.0
2016-06-22,57.0
2016-06-23,44.0
2016-06-24,52.0
2016-06-25,29.0
2016-06-26,37.5
2016-06-27,46.0
2016-06-28,40.0
2016-06-29,49.0
2016-06-30,53.0
2016-07-01,68.0
2016-07-02,50.0
2016-07-03,69.0
2016-07-04,73.0
2016-07-05,76.0
2016-07-06,77.0
2016-07-07,76.0
2016-07-08,76.0
2016-07-09,77.0
2016-07-10,77.0
2016-07-11,85.0
2016-07-12,84.0
2016-07-13,84.0
2016-07-14,71.0
2016-07-15,80.0
2016-07-16,69.0
2016-07-17,52.0
2016-07-18,51.0
2016-07-19,64.0
2016-07-20,61.0
2016-07-21,73.0
2016-07-22,77.0
2016-07-23,79.0
2016-07-24,70.0
2016-07-25,61.0
2016-07-26,67.0
2016-07-27,67.0
2016-07-28,66.0
2016-07-29,60.0
2016-07-30,54.0
2016-07-31,59.0
2016-08-01,53.0
2016-08-02,57.0
2016-08-03,44.0
2016-08-04,38.0
2016-08-05,46.0
2016-08-06,47.0
2016-08-07,47.0
2016-08-08,58.0
2016-08-09,61.0
2016-08-10,49.0
2016-08-11,50.0
2016-08-12,53.0
2016-08-13,61.0
2016-08-14,45.0
2016-08-15,37.0
2016-08-16,39.0
2016-08-17,47.0
2016-08-18,53.0
2016-08-19,54.0
2016-08-20,50.0
2016-08-21,46.0
2016-08-22,42.0
2016-08-23,46.0
2016-08-24,72.0
2016-08-25,59.0
2016-08-26,49.0
2016-08-27,52.0
2016-08-28,42.0
2016-08-29,61.0
2016-08-30,65.0
2016-08-31,51.0
2016-09-01,49.0
2016-09-02,58.0
2016-09-03,78.0
2016-09-04,72.0
2016-09-05,52.0
2016-09-06,55.0
2016-09-07,56.0
2016-09-08,60.0
2016-09-09,96.0
2016-09-10,90.0
2016-09-11,97.0
2016-09-12,74.0
2016-09-13,86.0
2016-09-14,67.0
2016-09-15,49.0
2016-09-16,72.0
2016-09-17,50.0
2016-09-18,33.0
2016-09-19,29.0
2016-09-20,53.0
2016-09-21,43.0
2016-09-22,50.0
2016-09-23,71.0
2016-09-24,67.0
2016-09-25,55.0
2016-09-26,47.0
2016-09-27,63.0
2016-09-28,59.0
2016-09-29,67.0
2016-09-30,83.0
2016-10-01,66.0
2016-10-02,72.0
2016-10-03,71.0
2016-10-04,62.0
2016-10-05,68.0
2016-10-06,70.0
2016-10-07,48.0
2016-10-08,65.0
2016-10-09,53.0
2016-10-10,76.0
2016-10-11,102.0
2016-10-12,109.0
2016-10-13,97.0
2016-10-14,141.0
2016-10-15,163.0
2016-10-16,164.0
2016-10-17,170.0
2016-10-18,160.0
2016-10-19,161.0
2016-10-20,162.0
2016-10-21,165.0
2016-10-22,162.0
2016-10-23,168.0
2016-10-24,147.0
2016-10-25,125.0
2016-10-26,139.0
2016-10-27,163.0
2016-10-28,168.0
2016-10-29,188.0
2016-10-30,197.0
2016-10-31,210.0
2016-11-01,212.0
2016-11-02,165.0
2016-11-03,164.0
2016-11-04,171.0
2016-11-05,168.0
2016-11-06,161.0
2016-11-07,162.0
2016-11-08,168.0
2016-11-09,161.0
2016-11-10,173.0
2016-11-11,182.0
2016-11-12,180.0
2016-11-13,179.0
2016-11-14,189.0
2016-11-15,211.0
2016-11-16,205.0
2016-11-17,190.0
2016-11-18,166.0
2016-11-19,178.0
2016-11-20,176.88888888888889
2016-11-21,175.77777777777777
2016-11-22,174.66666666666666
2016-11-23,173.55555555555554
2016-11-24,172.44444444444446
2016-11-25,171.33333333333334
2016-11-26,170.22222222222223
2016-11-27,169.11111111111111
2016-11-28,168.0
2016-11-29,209.0
2016-11-30,194.5
2016-12-01,180.0
2016-12-02,190.0
2016-12-03,177.0
2016-12-04,168.0
2016-12-05,171.0
2016-12-06,174.0
2016-12-07,172.0
2016-12-08,180.0
2016-12-09,186.0
2016-12-10,196.0
2016-12-11,171.0
2016-12-12,183.0
2016-12-13,171.0
2016-12-14,168.0
2016-12-15,157.0
2016-12-16,170.0
2016-12-17,171.0
2016-12-18,134.0
2016-12-19,149.0
2016-12-20,164.0
2016-12-21,177.0
2016-12-22,185.0
2016-12-23,199.0
2016-12-24,200.0
2016-12-25,243.0
2016-12-26,196.0
2016-12-27,180.0
2016-12-28,171.0
2016-12-29,190.0
2016-12-30,204.0
2016-12-31,230.0
2017-01-01,235.0
2017-01-02,240.0
2017-01-03,184.0
2017-01-04,199.0
2017-01-05,198.0
2017-01-06,190.0
2017-01-07,173.0
2017-01-08,150.0
2017-01-09,157.0
2017-01-10,164.0
2017-01-11,185.0
2017-01-12,196.0
2017-01-13,196.66666666666666
2017-01-14,197.33333333333334
2017-01-15,198.0
2017-01-16,198.66666666666666
2017-01-17,199.33333333333334
2017-01-18,200.0
2017-01-19,208.0
2017-01-20,199.0
2017-01-21,182.0
2017-01-22,169.0
2017-01-23,183.0
2017-01-24,180.0
2017-01-25,186.0
2017-01-26,200.0
2017-01-27,140.0
2017-01-28,156.0
2017-01-29,163.0
2017-01-30,173.0
2017-01-31,194.0
2017-02-01,190.0
2017-02-02,208.0
2017-02-03,213.0
2017-02-04,144.0
2017-02-05,123.0
2017-02-06,141.0
2017-02-07,169.0
2017-02-08,168.0
2017-02-09,170.0
2017-02-10,172.0
2017-02-11,146.0
2017-02-12,171.0
2017-02-13,203.0
2017-02-14,190.0
2017-02-15,166.0
2017-02-16,180.0
2017-02-17,172.0
2017-02-18,162.0
2017-02-19,178.0
2017-02-20,184.0
2017-02-21,130.0
2017-02-22,128.0
2017-02-23,154.0
2017-02-24,177.0
2017-02-25,167.0
2017-02-26,173.0
2017-02-27,212.0
2017-02-28,191.0
2017-03-01,194.0
2017-03-02,166.0
2017-03-03,156.0
2017-03-04,152.0
2017-03-05,142.0
2017-03-06,165.0
2017-03-07,177.0
2017-03-08,152.0
2017-03-09,121.0
2017-03-10,90.0
2017-03-11,92.0
2017-03-12,166.0
2017-03-13,234.0
2017-03-14,171.0
2017-03-15,178.0
2017-03-16,162.0
2017-03-17,140.0
2017-03-18,125.0
2017-03-19,96.0
2017-03-20,118.0
2017-03-21,142.0
2017-03-22,153.0
2017-03-23,150.0
2017-03-24,137.0
2017-03-25,140.0
2017-03-26,138.0
2017-03-27,166.0
2017-03-28,158.0
2017-03-29,155.0
2017-03-30,146.0
2017-03-31,144.0
2017-04-01,100.0
2017-04-02,97.0
2017-04-03,96.0
2017-04-04,83.0
2017-04-05,85.0
2017-04-06,84.0
2017-04-07,129.0
2017-04-08,154.0
2017-04-09,169.0
2017-04-10,170.0
2017-04-11,151.0
2017-04-12,147.0
2017-04-13,166.0
2017-04-14,131.0
2017-04-15,105.0
2017-04-16,105.0
2017-04-17,82.0
2017-04-18,107.0
2017-04-19,77.0
2017-04-20,81.0
2017-04-21,76.0
2017-04-22,75.0
2017-04-23,88.0
2017-04-24,96.0
2017-04-25,123.0
2017-04-26,138.0
2017-04-27,114.0
2017-04-28,98.0
2017-04-29,81.0
2017-04-30,73.0
2017-05-01,65.0
2017-05-02,96.0
2017-05-03,93.0
2017-05-04,93.0
2017-05-05,99.0
2017-05-06,91.0
2017-05-07,63.0
2017-05-08,93.0
2017-05-09,89.44444444444444
2017-05-10,85.88888888888889
2017-05-11,82.33333333333333
2017-05-12,78.77777777777777
2017-05-13,75.22222222222223
2017-05-14,71.66666666666667
2017-05-15,68.11111111111111
2017-05-16,64.55555555555556
2017-05-17,61.0
2017-05-18,57.44444444444444
2017-05-19,53.88888888888889
2017-05-20,50.333333333333336
2017-05-21,46.77777777777778
2017-05-22,43.22222222222223
2017-05-23,39.66666666666667
2017-05-24,36.111111111111114
2017-05-25,32.55555555555556
2017-05-26,29.0
2017-05-27,33.0
2017-05-28,27.0
2017-05-29,32.0
2017-05-30,34.0
2017-05-31,35.0
2017-06-01,53.0
2017-06-02,48.0
2017-06-03,23.0
2017-06-04,43.0
2017-06-05,65.0
2017-06-06,63.0
2017-06-07,33.0
2017-06-08,39.0
2017-06-09,29.0
2017-06-10,29.0
2017-06-11,46.0
2017-06-12,34.0
2017-06-13,41.0
2017-06-14,37.0
2017-06-15,40.0
2017-06-16,16.0
2017-06-17,22.0
2017-06-18,24.0
2017-06-19,44.0
2017-06-20,25.0
2017-06-21,42.0
2017-06-22,39.0
2017-06-23,51.0
2017-06-24,64.0
2017-06-25,59.0
2017-06-26,38.0
2017-06-27,62.0
2017-06-28,43.0
2017-06-29,64.0
2017-06-30,88.0
2017-07-01,61.0
2017-07-02,90.0
2017-07-03,92.0
2017-07-04,66.0
2017-07-05,64.0
2017-07-06,58.0
2017-07-07,62.0
2017-07-08,63.0
2017-07-09,41.0
2017-07-10,53.0
2017-07-11,56.0
2017-07-12,46.0
2017-07-13,62.0
2017-07-14,76.0
2017-07-15,59.0
2017-07-16,46.5
2017-07-17,34.0
2017-07-18,41.0
2017-07-19,27.0
2017-07-20,62.0
2017-07-21,42.0
2017-07-22,52.0
2017-07-23,49.0
2017-07-24,55.0
2017-07-25,63.0
2017-07-26,44.0
2017-07-27,44.0
2017-07-28,50.0
2017-07-29,50.0
2017-07-30,33.0
2017-07-31,60.0
2017-08-01,31.0
2017-08-02,37.0
2017-08-03,41.0
2017-08-04,65.0
2017-08-05,56.0
2017-08-06,55.0
2017-08-07,62.0
2017-08-08,58.0
2017-08-09,62.0
2017-08-10,95.0
2017-08-11,69.0
2017-08-12,36.0
2017-08-13,37.0
2017-08-14,34.0
2017-08-15,52.0
2017-08-16,55.0
2017-08-17,49.0
2017-08-18,59.0
2017-08-19,71.0
2017-08-20,108.0
2017-08-21,92.0
2017-08-22,62.0
2017-08-23,61.0
2017-08-24,49.0
2017-08-25,46.0
2017-08-26,54.0
2017-08-27,45.0
2017-08-28,43.0
2017-08-29,27.0
2017-08-30,45.33333333333333
2017-08-31,63.666666666666664
2017-09-01,82.0
2017-09-02,97.0
2017-09-03,69.0
2017-09-04,111.0
2017-09-05,103.0
2017-09-06,132.0
2017-09-07,138.0
2017-09-08,144.0
2017-09-09,150.0
2017-09-10,156.0
2017-09-11,162.0
2017-09-12,139.0
2017-09-13,98.0
2017-09-14,98.0
2017-09-15,101.0
2017-09-16,93.0
2017-09-17,92.0
2017-09-18,65.0
2017-09-19,89.0
2017-09-20,95.0
2017-09-21,135.0
2017-09-22,100.0
2017-09-23,93.0
2017-09-24,107.0
2017-09-25,89.0
2017-09-26,99.0
2017-09-27,92.0
2017-09-28,15.0
2017-09-29,13.0
2017-09-30,101.0
2017-10-01,151.0
2017-10-02,136.0
2017-10-03,153.0
2017-10-04,153.0
2017-10-05,173.0
2017-10-06,171.0
2017-10-07,171.0
2017-10-08,101.0
2017-10-09,121.0
2017-10-10,141.0
2017-10-11,113.0
2017-10-12,74.0
2017-10-13,140.0
2017-10-14,156.0
2017-10-15,151.0
2017-10-16,167.0
2017-10-17,167.0
2017-10-18,198.0
2017-10-19,238.0
2017-10-20,301.0
2017-10-21,169.0
2017-10-22,151.0
2017-10-23,161.0
2017-10-24,150.0
2017-10-25,148.0
2017-10-26,150.0
2017-10-27,174.0
2017-10-28,175.0
2017-10-29,165.0
2017-10-30,172.0
2017-10-31,171.58823529411765
2017-11-01,171.1764705882353
2017-11-02,170.76470588235293
2017-11-03,170.35294117647058
2017-11-04,169.94117647058823
2017-11-05,169.52941176470588
2017-11-06,169.11764705882354
2017-11-07,168.7058823529412
2017-11-08,168.2941176470588
2017-11-09,167.88235294117646
2017-11-10,167.47058823529412
2017-11-11,167.05882352941177
2017-11-12,166.64705882352942
2017-11-13,166.23529411764707
2017-11-14,165.8235294117647
2017-11-15,165.41176470588235
2017-11-16,165.0
2017-11-17,164.58823529411765
2017-11-18,164.1764705882353
2017-11-19,163.76470588235293
2017-11-20,163.35294117647058
2017-11-21,162.94117647058823
2017-11-22,162.52941176470588
2017-11-23,162.11764705882354
2017-11-24,161.7058823529412
2017-11-25,161.2941176470588
2017-11-26,160.88235294117646
2017-11-27,160.47058823529412
2017-11-28,160.05882352941177
2017-11-29,159.64705882352942
2017-11-30,159.23529411764707
2017-12-01,158.8235294117647
2017-12-02,158.41176470588235
2017-12-03,158.0
2017-12-04,157.58823529411765
2017-12-05,157.1764705882353
2017-12-06,156.76470588235293
2017-12-07,156.35294117647058
2017-12-08,155.94117647058823
2017-12-09,155.52941176470588
2017-12-10,155.11764705882354
2017-12-11,154.7058823529412
2017-12-12,154.29411764705884
2017-12-13,153.88235294117646
2017-12-14,153.47058823529412
2017-12-15,153.05882352941177
2017-12-16,152.64705882352942
2017-12-17,152.23529411764707
2017-12-18,151.8235294117647
2017-12-19,151.41176470588235
2017-12-20,151.0
2017-12-21,169.0
2017-12-22,185.0
2017-12-23,176.0
2017-12-24,210.0
2017-12-25,252.0
2017-12-26,192.0
2017-12-27,180.0
2017-12-28,187.0
2017-12-29,216.0
2017-12-30,223.0
2017-12-31,182.0
2018-01-01,218.0
2018-01-02,204.0
2018-01-03,250.0
2018-01-04,270.0
2018-01-05,211.0
2018-01-06,183.0
2018-01-07,152.0
2018-01-08,177.0
2018-01-09,223.0
2018-01-10,220.0
2018-01-11,188.0
2018-01-12,201.0
2018-01-13,180.0
2018-01-14,209.0
2018-01-15,202.0
2018-01-16,170.0
2018-01-17,177.0
2018-01-18,169.0
2018-01-19,97.0
2018-01-20,159.0
2018-01-21,178.0
2018-01-22,188.0
2018-01-23,191.0
2018-01-24,153.0
2018-01-25,179.0
2018-01-26,182.0
2018-01-27,164.0
2018-01-28,150.0
2018-01-29,182.0
2018-01-30,202.0
2018-01-31,175.0
2018-02-01,203.0
2018-02-02,211.0
2018-02-03,198.0
2018-02-04,186.0
2018-02-05,193.0
2018-02-06,239.0
2018-02-07,211.0
2018-02-08,282.0
2018-02-09,155.0
2018-02-10,132.0
2018-02-11,99.0
2018-02-12,109.0
2018-02-13,160.0
2018-02-14,174.0
2018-02-15,150.0
2018-02-16,167.0
2018-02-17,160.0
2018-02-18,162.0
2018-02-19,180.0
2018-02-20,208.0
2018-02-21,182.0
2018-02-22,202.0
2018-02-23,208.0
2018-02-24,193.0
2018-02-25,179.0
2018-02-26,191.0
2018-02-27,196.0
2018-02-28,221.0
2018-03-01,225.0
2018-03-02,327.0
2018-03-03,206.0
2018-03-04,167.0
2018-03-05,166.0
2018-03-06,162.0
2018-03-07,127.0
2018-03-08,135.0
2018-03-09,133.0
2018-03-10,134.0
2018-03-11,146.0
2018-03-12,162.0
2018-03-13,138.0
2018-03-14,108.0
2018-03-15,123.0
2018-03-16,166.0
2018-03-17,151.0
2018-03-18,147.0
2018-03-19,107.0
2018-03-20,132.0
2018-03-21,122.0
2018-03-22,119.0
2018-03-23,143.0
2018-03-24,152.0
2018-03-25,181.0
2018-03-26,170.0
2018-03-27,155.0
2018-03-28,142.0
2018-03-29,123.0
2018-03-30,114.0
2018-03-31,100.0
2018-04-01,120.0
2018-04-02,94.0
2018-04-03,97.0
2018-04-04,107.0
2018-04-05,124.0
2018-04-06,147.0
2018-04-07,135.0
2018-04-08,143.0
2018-04-09,143.0
2018-04-10,138.0
2018-04-11,129.0
2018-04-12,111.0
2018-04-13,108.0
2018-04-14,113.0
2018-04-15,96.0
2018-04-16,79.0
2018-04-17,86.5
2018-04-18,94.0
2018-04-19,132.0
2018-04-20,103.0
2018-04-21,88.0
2018-04-22,112.0
2018-04-23,123.0
2018-04-24,128.0
2018-04-25,121.0
2018-04-26,79.0
2018-04-27,100.0
2018-04-28,75.0
2018-04-29,98.0
2018-04-30,122.0
2018-05-01,118.0
2018-05-02,90.0
2018-05-03,89.0
2018-05-04,82.0
2018-05-05,103.0
2018-05-06,92.0
2018-05-07,87.0
2018-05-08,83.0
2018-05-09,89.0
2018-05-10,95.0
2018-05-11,100.0
2018-05-12,122.0
2018-05-13,103.0
2018-05-14,75.0
2018-05-15,69.0
2018-05-16,73.0
2018-05-17,97.0
2018-05-18,101.0
2018-05-19,113.0
2018-05-20,113.0
2018-05-21,99.0
2018-05-22,110.0
2018-05-23,91.0
2018-05-24,97.0
2018-05-25,90.0
2018-05-26,79.0
2018-05-27,92.0
2018-05-28,83.0
2018-05-29,83.0
2018-05-30,91.0
2018-05-31,108.0
2018-06-01,109.0
2018-06-02,104.0
2018-06-03,95.33333333333333
2018-06-04,86.66666666666667
2018-06-05,78.0
2018-06-06,80.0
2018-06-07,83.5
2018-06-08,87.0
2018-06-09,81.0
2018-06-10,111.0
2018-06-11,113.0
2018-06-12,117.0
2018-06-13,106.0
2018-06-14,104.0
2018-06-15,106.0
2018-06-16,82.0
2018-06-17,58.0
2018-06-18,34.0
2018-06-19,69.0
2018-06-20,137.0
2018-06-21,115.0
2018-06-22,116.0
2018-06-23,95.0
2018-06-24,72.0
2018-06-25,85.0
2018-06-26,124.0
2018-06-27,117.0
2018-06-28,108.0
2018-06-29,165.0
2018-06-30,126.0
2018-07-01,98.0
2018-07-02,93.0
2018-07-03,115.0
2018-07-04,126.0
2018-07-05,121.0
2018-07-06,145.0
2018-07-07,134.0
2018-07-08,92.0
2018-07-09,100.0
2018-07-10,100.0
2018-07-11,159.0
2018-07-12,124.0
2018-07-13,167.0
2018-07-14,161.0
2018-07-15,159.0
2018-07-16,175.0
2018-07-17,182.0
2018-07-18,162.0
2018-07-19,155.0
2018-07-20,151.0
2018-07-21,160.0
2018-07-22,140.0
2018-07-23,139.0
2018-07-24,159.0
2018-07-25,124.0
2018-07-26,110.0
2018-07-27,162.0
2018-07-28,148.0
2018-07-29,151.0
2018-07-30,148.0
2018-07-31,138.0
2018-08-01,149.0
2018-08-02,125.0
2018-08-03,109.0
2018-08-04,121.0
2018-08-05,116.0
2018-08-06,136.0
2018-08-07,150.0
2018-08-08,143.0
2018-08-09,147.0
2018-08-10,134.0
2018-08-11,130.0
2018-08-12,131.0
2018-08-13,130.0
2018-08-14,156.0
2018-08-15,131.0
2018-08-16,163.0
2018-08-17,146.0
2018-08-18,159.66666666666666
2018-08-19,173.33333333333334
2018-08-20,187.0
2018-08-21,139.0
2018-08-22,110.0
2018-08-23,109.0
2018-08-24,126.0
2018-08-25,113.0
2018-08-26,66.0
2018-08-27,111.0
2018-08-28,107.0
2018-08-29,102.0
2018-08-30,90.0
2018-08-31,73.0
2018-09-01,73.32
2018-09-02,73.64
2018-09-03,73.96
2018-09-04,74.28
2018-09-05,74.6
2018-09-06,74.92
2018-09-07,75.24
2018-09-08,75.56
2018-09-09,75.88
2018-09-10,76.2
2018-09-11,76.52
2018-09-12,76.84
2018-09-13,77.16
2018-09-14,77.48
2018-09-15,77.8
2018-09-16,78.12
2018-09-17,78.44
2018-09-18,78.76
2018-09-19,79.08
2018-09-20,79.4
2018-09-21,79.72
2018-09-22,80.04
2018-09-23,80.36
2018-09-24,80.68
2018-09-25,81.0
2018-09-26,105.66666666666667
2018-09-27,130.33333333333334
2018-09-28,155.0
2018-09-29,151.23076923076923
2018-09-30,147.46153846153845
2018-10-01,143.69230769230768
2018-10-02,139.92307692307693
2018-10-03,136.15384615384616
2018-10-04,132.3846153846154
2018-10-05,128.6153846153846
2018-10-06,124.84615384615384
2018-10-07,121.07692307692308
2018-10-08,117.3076923076923
2018-10-09,113.53846153846155
2018-10-10,109.76923076923077
2018-10-11,106.0
2018-10-12,147.0
2018-10-13,172.0
2018-10-14,170.0
2018-10-15,164.0
2018-10-16,161.0
2018-10-17,150.0
2018-10-18,120.0
2018-10-19,131.0
2018-10-20,157.0
2018-10-21,172.0
2018-10-22,173.0
2018-10-23,149.0
2018-10-24,153.0
2018-10-25,157.0
2018-10-26,141.0
2018-10-27,164.0
2018-10-28,143.0
2018-10-29,114.0
2018-10-30,147.0
2018-10-31,150.0
2018-11-01,147.0
2018-11-02,145.0
2018-11-03,126.0
2018-11-04,114.0
2018-11-05,105.0
2018-11-06,167.0
2018-11-07,148.0
2018-11-08,253.0
2018-11-09,200.0
2018-11-10,233.0
2018-11-11,169.0
2018-11-12,166.0
2018-11-13,166.0
2018-11-14,154.0
2018-11-15,153.0
2018-11-16,162.0
2018-11-17,165.0
2018-11-18,176.0
2018-11-19,183.0
2018-11-20,183.0
2018-11-21,208.0
2018-11-22,165.0
2018-11-23,166.0
2018-11-24,166.0
2018-11-25,170.0
2018-11-26,175.0
2018-11-27,171.0
2018-11-28,165.0
2018-11-29,166.0
2018-11-30,166.0
2018-12-01,171.0
2018-12-02,179.0
2018-12-03,178.0
2018-12-04,173.0
2018-12-05,175.0
2018-12-06,163.0
2018-12-07,162.0
2018-12-08,174.0
2018-12-09,173.0
2018-12-10,162.0
2018-12-11,149.0
2018-12-12,136.0
2018-12-13,145.0
2018-12-14,140.0
2018-12-15,156.0
2018-12-16,160.0
2018-12-17,163.0
2018-12-18,164.0
2018-12-19,153.66666666666666
2018-12-20,143.33333333333334
2018-12-21,133.0
2018-12-22,161.0
2018-12-23,168.0
2018-12-24,180.0
2018-12-25,197.0
2018-12-26,157.0
2018-12-27,145.0
2018-12-28,167.0
2018-12-29,157.0
2018-12-30,161.0
2018-12-31,178.5
2019-01-01,196.0
2019-01-02,204.0
2019-01-03,229.0
2019-01-04,207.0
2019-01-05,192.0
2019-01-06,211.0
2019-01-07,169.0
2019-01-08,175.0
2019-01-09,195.0
2019-01-10,216.0
2019-01-11,225.0
2019-01-12,223.0
2019-01-13,222.0
2019-01-14,188.0
2019-01-15,183.0
2019-01-16,184.0
2019-01-17,200.0
2019-01-18,208.0
2019-01-19,205.0
2019-01-20,255.0
2019-01-21,185.0
2019-01-22,115.0
2019-01-23,134.0
2019-01-24,157.0
2019-01-25,153.0
2019-01-26,146.0
2019-01-27,151.0
2019-01-28,138.0
2019-01-29,136.0
2019-01-30,155.0
2019-01-31,150.0
2019-02-01,159.0
2019-02-02,174.0
2019-02-03,180.0
2019-02-04,166.0
2019-02-05,174.0
2019-02-06,158.0
2019-02-07,109.0
2019-02-08,148.0
2019-02-09,152.0
2019-02-10,168.0
2019-02-11,190.0
2019-02-12,175.0
2019-02-13,151.0
2019-02-14,110.0
2019-02-15,140.0
2019-02-16,141.0
2019-02-17,157.0
2019-02-18,150.0
2019-02-19,145.0
2019-02-20,164.0
2019-02-21,108.0
2019-02-22,121.0
2019-02-23,174.0
2019-02-24,154.0
2019-02-25,136.0
2019-02-26,122.0
2019-02-27,114.0
2019-02-28,122.0
2019-03-01,155.0
2019-03-02,161.0
2019-03-03,80.0
2019-03-04,87.0
2019-03-05,120.0
2019-03-06,108.0
2019-03-07,121.0
2019-03-08,136.0
2019-03-09,147.0
2019-03-10,137.0
2019-03-11,118.0
2019-03-12,106.0
2019-03-13,121.0
2019-03-14,102.0
2019-03-15,118.0
2019-03-16,152.0
2019-03-17,148.0
2019-03-18,155.0
2019-03-19,138.0
2019-03-20,121.0
2019-03-21,95.0
2019-03-22,86.0
2019-03-23,130.0
2019-03-24,161.0
2019-03-25,164.0
2019-03-26,157.0
2019-03-27,145.0
2019-03-28,141.0
2019-03-29,130.0
2019-03-30,114.0
2019-03-31,86.0
2019-04-01,84.0
2019-04-02,89.0
2019-04-03,100.0
2019-04-04,89.0
2019-04-05,74.0
2019-04-06,72.0
2019-04-07,77.0
2019-04-08,76.0
2019-04-09,71.0
2019-04-10,72.0
2019-04-11,76.0
2019-04-12,92.0
2019-04-13,115.0
2019-04-14,98.0
2019-04-15,90.0
2019-04-16,98.0
2019-04-17,59.0
2019-04-18,79.0
2019-04-19,91.0
2019-04-20,83.0
2019-04-21,82.0
2019-04-22,87.0
2019-04-23,72.0
2019-04-24,72.0
2019-04-25,66.0
2019-04-26,70.0
2019-04-27,91.0
2019-04-28,112.0
2019-04-29,91.0
2019-04-30,96.0
2019-05-01,90.0
2019-05-02,106.0
2019-05-03,93.0
2019-05-04,94.0
2019-05-05,79.0
2019-05-06,75.0
2019-05-07,73.0
2019-05-08,64.0
2019-05-09,51.0
2019-05-10,44.0
2019-05-11,51.0
2019-05-12,58.0
2019-05-13,70.0
2019-05-14,65.0
2019-05-15,72.0
2019-05-16,69.0
2019-05-17,69.0
2019-05-18,72.0
2019-05-19,61.0
2019-05-20,55.0
2019-05-21,58.0
2019-05-22,51.0
2019-05-23,56.0
2019-05-24,78.0
2019-05-25,69.0
2019-05-26,76.0
2019-05-27,83.0
2019-05-28,75.0
2019-05-29,61.0
2019-05-30,56.0
2019-05-31,57.0
2019-06-01,50.0
2019-06-02,51.0
2019-06-03,52.0
2019-06-04,44.0
2019-06-05,51.0
2019-06-06,46.0
2019-06-07,43.0
2019-06-08,48.0
2019-06-09,55.0
2019-06-10,58.0
2019-06-11,69.0
2019-06-12,56.0
2019-06-13,85.0
2019-06-14,72.0
2019-06-15,62.0
2019-06-16,60.0
2019-06-17,61.0
2019-06-18,67.0
2019-06-19,52.0
2019-06-20,58.6
2019-06-21,65.2
2019-06-22,71.8
2019-06-23,78.4
2019-06-24,85.0
2019-06-25,66.0
2019-06-26,52.0
2019-06-27,41.0
2019-06-28,31.0
2019-06-29,50.0
2019-06-30,58.0
2019-07-01,32.0
2019-07-02,48.0
2019-07-03,62.0
2019-07-04,75.0
2019-07-05,65.0
2019-07-06,46.0
2019-07-07,59.0
2019-07-08,48.0
2019-07-09,83.0
2019-07-10,85.0
2019-07-11,73.0
2019-07-12,43.0
2019-07-13,44.0
2019-07-14,36.0
2019-07-15,52.0
2019-07-16,48.0
2019-07-17,56.0
2019-07-18,59.0
2019-07-19,75.0
2019-07-20,70.0
2019-07-21,74.0
2019-07-22,37.0
2019-07-23,26.0
2019-07-24,30.0
2019-07-25,55.0
2019-07-26,52.0
2019-07-27,51.0
2019-07-28,59.0
2019-07-29,54.0
2019-07-30,42.0
2019-07-31,38.0
2019-08-01,47.0
2019-08-02,31.0
2019-08-03,27.0
2019-08-04,39.0
2019-08-05,49.0
2019-08-06,47.0
2019-08-07,53.0
2019-08-08,79.0
2019-08-09,75.0
2019-08-10,71.0
2019-08-11,62.0
2019-08-12,55.0
2019-08-13,55.0
2019-08-14,65.0
2019-08-15,53.0
2019-08-16,48.0
2019-08-17,55.0
2019-08-18,49.0
2019-08-19,53.0
2019-08-20,53.0
2019-08-21,44.0
2019-08-22,52.0
2019-08-23,53.0
2019-08-24,48.0
2019-08-25,47.0
2019-08-26,64.0
2019-08-27,56.0
2019-08-28,56.0
2019-08-29,53.0
2019-08-30,44.0
2019-08-31,45.0
2019-09-01,37.0
2019-09-02,49.0
2019-09-03,19.0
2019-09-04,18.0
2019-09-05,13.0
2019-09-06,22.0
2019-09-07,30.0
2019-09-08,30.0
2019-09-09,54.0
2019-09-10,55.0
2019-09-11,66.0
2019-09-12,42.0
2019-09-13,44.0
2019-09-14,48.0
2019-09-15,34.0
2019-09-16,45.0
2019-09-17,44.0
2019-09-18,59.0
2019-09-19,70.0
2019-09-20,50.0
2019-09-21,53.0
2019-09-22,64.0
2019-09-23,65.0
2019-09-24,56.0
2019-09-25,57.0
2019-09-26,53.0
2019-09-27,33.0
2019-09-28,39.0
2019-09-29,31.0
2019-09-30,29.0
2019-10-01,41.0
2019-10-02,53.0
2019-10-03,58.0
2019-10-04,76.0
2019-10-05,93.0
2019-10-06,100.0
2019-10-07,118.0
2019-10-08,138.0
2019-10-09,65.0
2019-10-10,109.0
2019-10-11,110.0
2019-10-12,120.0
2019-10-13,105.0
2019-10-14,138.0
2019-10-15,132.0
2019-10-16,128.0
2019-10-17,147.0
2019-10-18,140.0
2019-10-19,81.0
2019-10-20,50.0
2019-10-21,61.0
2019-10-22,48.0
2019-10-23,54.0
2019-10-24,78.0
2019-10-25,60.0
2019-10-26,61.0
2019-10-27,107.0
2019-10-28,117.0
2019-10-29,127.0
2019-10-30,107.0
2019-10-31,72.0
2019-11-01,44.0
2019-11-02,41.0
2019-11-03,60.0
2019-11-04,83.0
2019-11-05,102.0
2019-11-06,142.0
2019-11-07,15.0
2019-11-08,13.4
2019-11-09,11.8
2019-11-10,10.2
2019-11-11,8.6
2019-11-12,7.0
2019-11-13,99.0
2019-11-14,159.0
2019-11-15,158.0
2019-11-16,162.0
2019-11-17,163.0
2019-11-18,163.0
2019-11-19,174.0
2019-11-20,174.0
2019-11-21,174.0
2019-11-22,171.0
2019-11-23,170.0
2019-11-24,170.0
2019-11-25,172.0
2019-11-26,170.0
2019-11-27,160.0
2019-11-28,162.0
2019-11-29,165.0
2019-11-30,169.0
2019-12-01,174.0
2019-12-02,148.0
2019-12-03,116.0
2019-12-04,137.0
2019-12-05,139.0
2019-12-06,168.0
2019-12-07,160.0
2019-12-08,170.0
2019-12-09,164.0
2019-12-10,160.0
2019-12-11,164.0
2019-12-12,164.0
2019-12-13,134.0
2019-12-14,129.0
2019-12-15,152.0
2019-12-16,164.0
2019-12-17,157.0
2019-12-18,156.0
2019-12-19,152.0
2019-12-20,168.0
2019-12-21,167.0
2019-12-22,167.0
2019-12-23,164.0
2019-12-24,179.0
2019-12-25,185.0
2019-12-26,158.0
2019-12-27,162.0
2019-12-28,160.0
2019-12-29,159.0
2019-12-30,163.66666666666666
2019-12-31,168.33333333333334
2020-01-01,173.0
2020-01-02,173.0
2020-01-03,170.0
2020-01-04,169.0
2020-01-05,163.0
2020-01-06,150.0
2020-01-07,162.0
2020-01-08,138.0
2020-01-09,146.0
2020-01-10,153.0
2020-01-11,157.0
2020-01-12,163.0
2020-01-13,124.0
2020-01-14,98.0
2020-01-15,90.0
2020-01-16,97.0
2020-01-17,78.0
2020-01-18,8.0
2020-01-19,8.0
2020-01-20,157.0
2020-01-21,189.0
2020-01-22,172.0
2020-01-23,176.0
2020-01-24,165.0
2020-01-25,179.0
2020-01-26,189.0
2020-01-27,128.0
2020-01-28,94.0
2020-01-29,91.0
2020-01-30,151.0
2020-01-31,170.0
2020-02-01,171.0
2020-02-02,175.0
2020-02-03,177.0
2020-02-04,167.0
2020-02-05,161.0
2020-02-06,138.0
2020-02-07,145.0
2020-02-08,167.0
2020-02-09,165.0
2020-02-10,158.0
2020-02-11,159.0
2020-02-12,162.0
2020-02-13,163.0
2020-02-14,159.0
2020-02-15,150.0
2020-02-16,167.0
2020-02-17,188.0
2020-02-18,179.0
2020-02-19,187.0
2020-02-20,154.0
2020-02-21,133.0
2020-02-22,165.0
2020-02-23,173.0
2020-02-24,180.0
2020-02-25,138.0
2020-02-26,141.0
2020-02-27,153.0
2020-02-28,172.0
2020-02-29,165.0
2020-03-01,139.0
2020-03-02,152.0
2020-03-03,132.0
2020-03-04,121.0
2020-03-05,122.0
2020-03-06,93.0
2020-03-07,104.0
2020-03-08,110.0
2020-03-09,142.0
2020-03-10,120.0
2020-03-11,72.0
2020-03-12,85.0
2020-03-13,100.0
2020-03-14,123.0
2020-03-15,156.0
2020-03-16,166.0
2020-03-17,177.0
2020-03-18,148.0
2020-03-19,113.0
2020-03-20,83.0
2020-03-21,85.0
2020-03-22,86.0
2020-03-23,99.0
2020-03-24,128.0
2020-03-25,115.0
2020-03-26,108.0
2020-03-27,103.0
2020-03-28,114.0
2020-03-29,86.0
2020-03-30,88.33333333333333
2020-03-31,90.66666666666667
2020-04-01,93.0
2020-04-02,105.0
2020-04-03,99.0
2020-04-04,111.0
2020-04-05,108.66666666666667
2020-04-06,106.33333333333333
2020-04-07,104.0
2020-04-08,113.0
2020-04-09,106.0
2020-04-10,95.0
2020-04-11,103.0
2020-04-12,101.0
2020-04-13,100.0
2020-04-14,100.0
2020-04-15,96.0
2020-04-16,84.0
2020-04-17,78.0
2020-04-18,75.0
2020-04-19,80.0
2020-04-20,96.0
2020-04-21,73.0
2020-04-22,73.0
2020-04-23,75.0
2020-04-24,74.0
2020-04-25,64.0
2020-04-26,79.0
2020-04-27,68.0
2020-04-28,71.0
2020-04-29,76.0
2020-04-30,73.0
2020-05-01,62.0
2020-05-02,58.0
2020-05-03,55.0
2020-05-04,53.0
2020-05-05,53.0
2020-05-06,55.0
2020-05-07,60.0
2020-05-08,65.0
2020-05-09,61.0
2020-05-10,61.0
2020-05-11,69.0
2020-05-12,63.0
2020-05-13,60.0
2020-05-14,60.0
2020-05-15,67.0
2020-05-16,103.0
2020-05-17,107.0
2020-05-18,81.0
2020-05-19,65.0
2020-05-20,56.0
2020-05-21,50.0
2020-05-22,52.0
2020-05-23,60.0
2020-05-24,59.0
2020-05-25,58.0
2020-05-26,56.0
2020-05-27,53.0
2020-05-28,53.0
2020-05-29,35.0
2020-05-30,43.0
2020-05-31,49.0
2020-06-01,71.0
2020-06-02,88.0
2020-06-03,43.0
2020-06-04,60.0
2020-06-05,63.0
2020-06-06,51.0
2020-06-07,59.0
2020-06-08,47.0
2020-06-09,48.0
2020-06-10,56.0
2020-06-11,46.0
2020-06-12,52.0
2020-06-13,53.0
2020-06-14,50.0
2020-06-15,42.0
2020-06-16,47.0
2020-06-17,36.0
2020-06-18,59.0
2020-06-19,74.0
2020-06-20,65.0
2020-06-21,62.0
2020-06-22,67.0
2020-06-23,62.0
2020-06-24,53.0
2020-06-25,61.0
2020-06-26,64.0
2020-06-27,75.0
2020-06-28,67.0
2020-06-29,40.0
2020-06-30,27.0
2020-07-01,42.0
2020-07-02,52.0
2020-07-03,28.0
2020-07-04,38.0
2020-07-05,38.32432432432432
2020-07-06,38.648648648648646
2020-07-07,38.972972972972975
2020-07-08,39.2972972972973
2020-07-09,39.62162162162162
2020-07-10,39.945945945945944
2020-07-11,40.270270270270274
2020-07-12,40.5945945945946
2020-07-13,40.91891891891892
2020-07-14,41.24324324324324
2020-07-15,41.567567567567565
2020-07-16,41.891891891891895
2020-07-17,42.21621621621622
2020-07-18,42.54054054054054
2020-07-19,42.86486486486486
2020-07-20,43.18918918918919
2020-07-21,43.513513513513516
2020-07-22,43.83783783783784
2020-07-23,44.16216216216216
2020-07-24,44.486486486486484
2020-07-25,44.810810810810814
2020-07-26,45.13513513513514
2020-07-27,45.45945945945946
2020-07-28,45.78378378378378
2020-07-29,46.10810810810811
2020-07-30,46.432432432432435
2020-07-31,46.75675675675676
2020-08-01,47.08108108108108
2020-08-02,47.4054054054054
2020-08-03,47.729729729729726
2020-08-04,48.054054054054056
2020-08-05,48.37837837837838
2020-08-06,48.7027027027027
2020-08-07,49.02702702702703
2020-08-08,49.351351351351354
2020-08-09,49.67567567567568
2020-08-10,50.0
2020-08-11,45.75
2020-08-12,41.5
2020-08-13,37.25
2020-08-14,33.0
2020-08-15,47.0
2020-08-16,48.0
2020-08-17,39.0
2020-08-18,35.0
2020-08-19,32.0
2020-08-20,28.0
2020-08-21,24.0
2020-08-22,25.0
2020-08-23,19.0
2020-08-24,28.0
2020-08-25,37.0
2020-08-26,26.0
2020-08-27,25.25
2020-08-28,24.5
2020-08-29,23.75
2020-08-30,23.0
2020-08-31,29.0
2020-09-01,39.0
2020-09-02,67.0
2020-09-03,56.0
2020-09-04,77.0
2020-09-05,94.0
2020-09-06,120.0
2020-09-07,45.0
2020-09-08,55.0
2020-09-09,65.0
2020-09-10,54.0
2020-09-11,73.0
2020-09-12,43.0
2020-09-13,36.0
2020-09-14,45.0
2020-09-15,46.0
2020-09-16,50.0
2020-09-17,46.0
2020-09-18,64.0
2020-09-19,71.0
2020-09-20,58.0
2020-09-21,72.0
2020-09-22,78.0
2020-09-23,30.0
2020-09-24,57.0
2020-09-25,52.0
2020-09-26,45.0
2020-09-27,62.0
2020-09-28,71.0
2020-09-29,77.0
2020-09-30,68.0
2020-10-01,62.0
2020-10-02,83.0
2020-10-03,97.0
2020-10-04,72.0
2020-10-05,65.0
2020-10-06,87.0
2020-10-07,103.0
2020-10-08,107.0
2020-10-09,136.0
2020-10-10,145.0
2020-10-11,99.0
2020-10-12,117.0
2020-10-13,116.0
2020-10-14,124.0
2020-10-15,65.0
2020-10-16,67.0
2020-10-17,70.0
2020-10-18,65.0
2020-10-19,68.0
2020-10-20,83.0
2020-10-21,95.0
2020-10-22,105.0
2020-10-23,103.0
2020-10-24,116.0
2020-10-25,104.0
2020-10-26,121.0
2020-10-27,128.0
2020-10-28,141.0
2020-10-29,151.0
2020-10-30,145.0
2020-10-31,135.0
2020-11-01,134.0
2020-11-02,157.0
2020-11-03,162.0
2020-11-04,161.0
2020-11-05,156.0
2020-11-06,141.0
2020-11-07,154.0
2020-11-08,160.0
2020-11-09,148.0
2020-11-10,158.0
2020-11-11,160.0
2020-11-12,159.0
2020-11-13,149.0
2020-11-14,131.0
2020-11-15,149.0
2020-11-16,149.0
2020-11-17,149.0
2020-11-18,155.0
2020-11-19,157.0
2020-11-20,150.0
2020-11-21,155.0
2020-11-22,160.0
2020-11-23,128.0
2020-11-24,161.0
2020-11-25,172.0
2020-11-26,170.0
2020-11-27,142.0
2020-11-28,137.0
2020-11-29,107.0
2020-11-30,146.0
2020-12-01,152.0
2020-12-02,161.0
2020-12-03,157.0
2020-12-04,156.0
2020-12-05,161.0
2020-12-06,142.0
2020-12-07,152.0
2020-12-08,149.0
2020-12-09,148.0
2020-12-10,158.0
2020-12-11,160.0
2020-12-12,154.0
2020-12-13,150.0
2020-12-14,124.0
2020-12-15,163.0
2020-12-16,170.0
2020-12-17,171.0
2020-12-18,171.0
2020-12-19,161.0
2020-12-20,158.0
2020-12-21,147.0
2020-12-22,157.0
2020-12-23,163.0
2020-12-24,167.0
2020-12-25,173.0
2020-12-26,171.0
2020-12-27,176.0
2020-12-28,148.0
2020-12-29,163.0
2020-12-30,176.0
2020-12-31,176.0
2021-01-01,187.0
2021-01-02,187.0
2021-01-03,180.0
2021-01-04,180.0
2021-01-05,180.0
2021-01-06,194.0
2021-01-07,190.0
2021-01-08,184.0
2021-01-09,180.0
2021-01-10,173.0
2021-01-11,173.0
2021-01-12,170.0
2021-01-13,164.0
2021-01-14,163.0
2021-01-15,151.0
2021-01-16,155.0
2021-01-17,163.0
2021-01-18,126.0
2021-01-19,161.0
2021-01-20,166.0
2021-01-21,170.0
2021-01-22,186.0
2021-01-23,181.0
2021-01-24,160.0
2021-01-25,166.0
2021-01-26,172.0
2021-01-27,175.0
2021-01-28,182.0
2021-01-29,176.0
2021-01-30,169.0
2021-01-31,167.0
2021-02-01,167.0
2021-02-02,154.0
2021-02-03,161.0
2021-02-04,167.0
2021-02-05,152.0
2021-02-06,150.0
2021-02-07,132.0
2021-02-08,145.0
2021-02-09,153.0
2021-02-10,178.0
2021-02-11,187.0
2021-02-12,178.0
2021-02-13,152.0
2021-02-14,145.0
2021-02-15,117.0
2021-02-16,119.0
2021-02-17,134.0
2021-02-18,168.0
2021-02-19,132.0
2021-02-20,130.0
2021-02-21,135.0
2021-02-22,142.0
2021-02-23,165.0
2021-02-24,172.0
2021-02-25,152.0
2021-02-26,129.0
2021-02-27,126.0
2021-02-28,139.0
2021-03-01,159.0
2021-03-02,146.0
2021-03-03,152.0
2021-03-04,160.0
2021-03-05,169.0
2021-03-06,137.0
2021-03-07,122.0
2021-03-08,112.0
2021-03-09,131.0
2021-03-10,131.0
2021-03-11,107.0
2021-03-12,106.0
2021-03-13,154.0
2021-03-14,150.0
2021-03-15,142.0
2021-03-16,134.0
2021-03-17,146.0
2021-03-18,129.0
2021-03-19,135.0
2021-03-20,125.0
2021-03-21,130.0
2021-03-22,134.0
2021-03-23,147.0
2021-03-24,160.0
2021-03-25,140.0
2021-03-26,156.0
2021-03-27,154.0
2021-03-28,143.0
2021-03-29,115.0
2021-03-30,71.0
2021-03-31,75.0
2021-04-01,111.0
2021-04-02,110.0
2021-04-03,90.0
2021-04-04,80.0
2021-04-05,73.0
2021-04-06,99.0
2021-04-07,89.0
2021-04-08,78.0
2021-04-09,87.0
2021-04-10,102.0
2021-04-11,94.0
2021-04-12,98.0
2021-04-13,93.0
2021-04-14,85.0
2021-04-15,88.0
2021-04-16,76.0
2021-04-17,74.0
2021-04-18,90.0
2021-04-19,80.0
2021-04-20,68.0
2021-04-21,69.0
2021-04-22,76.0
2021-04-23,78.0
2021-04-24,78.0
2021-04-25,82.0
2021-04-26,117.0
2021-04-27,95.0
2021-04-28,77.0
2021-04-29,69.0
2021-04-30,75.0
2021-05-01,69.0
2021-05-02,77.0
2021-05-03,105.0
2021-05-04,77.0
2021-05-05,74.0
2021-05-06,71.0
2021-05-07,64.0
2021-05-08,50.0
2021-05-09,38.0
2021-05-10,50.0
2021-05-11,60.0
2021-05-12,58.0
2021-05-13,59.0
2021-05-14,62.0
2021-05-15,102.0
2021-05-16,55.0
2021-05-17,32.0
2021-05-18,42.5
2021-05-19,53.0
2021-05-20,76.0
2021-05-21,78.0
2021-05-22,67.0
2021-05-23,61.0
2021-05-24,56.0
2021-05-25,58.0
2021-05-26,55.0
2021-05-27,48.0
2021-05-28,47.0
2021-05-29,53.0
2021-05-30,53.0
2021-05-31,66.0
2021-06-01,58.0
2021-06-02,56.0
2021-06-03,55.0
2021-06-04,52.0
2021-06-05,64.0
2021-06-06,47.0
2021-06-07,47.0
2021-06-08,50.0
2021-06-09,39.0
2021-06-10,35.0
2021-06-11,44.0
2021-06-12,29.0
2021-06-13,40.0
2021-06-14,59.0
2021-06-15,51.0
2021-06-16,51.0
2021-06-17,68.0
2021-06-18,73.0
2021-06-19,64.0
2021-06-20,107.0
2021-06-21,94.0
2021-06-22,68.0
2021-06-23,66.0
2021-06-24,59.0
2021-06-25,55.0
2021-06-26,77.0
2021-06-27,54.0
2021-06-28,66.0
2021-06-29,51.0
2021-06-30,53.0
2021-07-01,48.0
2021-07-02,47.0
2021-07-03,50.0
2021-07-04,51.0
2021-07-05,58.0
2021-07-06,58.0
2021-07-07,59.0
2021-07-08,60.0
2021-07-09,60.0
2021-07-10,58.0
2021-07-11,36.0
2021-07-12,37.0
2021-07-13,48.0
2021-07-14,40.0
2021-07-15,37.0
2021-07-16,35.0
2021-07-17,30.0
2021-07-18,41.0
2021-07-19,44.0
2021-07-20,49.0
2021-07-21,42.0
2021-07-22,55.0
2021-07-23,55.0
2021-07-24,50.0
2021-07-25,53.0
2021-07-26,58.0
2021-07-27,48.0
2021-07-28,47.0
2021-07-29,50.0
2021-07-30,50.0
2021-07-31,48.0
2021-08-01,44.0
2021-08-02,42.0
2021-08-03,39.0
2021-08-04,46.0
2021-08-05,51.0
2021-08-06,56.0
2021-08-07,58.0
2021-08-08,57.0
2021-08-09,60.0
2021-08-10,53.0
2021-08-11,48.0
2021-08-12,59.0
2021-08-13,49.0
2021-08-14,43.0
2021-08-15,54.0
2021-08-16,69.0
2021-08-17,59.0
2021-08-18,56.0
2021-08-19,51.0
2021-08-20,51.0
2021-08-21,40.0
2021-08-22,58.0
2021-08-23,53.0
2021-08-24,47.0
2021-08-25,43.0
2021-08-26,39.0
2021-08-27,50.0
2021-08-28,60.0
2021-08-29,55.0
2021-08-30,64.0
2021-08-31,55.0
2021-09-01,45.0
2021-09-02,43.0
2021-09-03,46.0
2021-09-04,49.0
2021-09-05,63.0
2021-09-06,49.0
2021-09-07,55.0
2021-09-08,36.0
2021-09-09,36.0
2021-09-10,35.0
2021-09-11,31.0
2021-09-12,35.0
2021-09-13,46.0
2021-09-14,63.0
2021-09-15,61.0
2021-09-16,60.0
2021-09-17,56.0
2021-09-18,50.0
2021-09-19,45.0
2021-09-20,46.0
2021-09-21,36.0
2021-09-22,46.0
2021-09-23,69.0
2021-09-24,63.0
2021-09-25,61.0
2021-09-26,64.0
2021-09-27,62.0
2021-09-28,54.0
2021-09-29,36.0
2021-09-30,60.0
2021-10-01,63.0
2021-10-02,78.0
2021-10-03,88.0
2021-10-04,97.0
2021-10-05,83.0
2021-10-06,85.0
2021-10-07,85.0
2021-10-08,58.0
2021-10-09,50.0
2021-10-10,62.0
2021-10-11,92.0
2021-10-12,105.0
2021-10-13,127.0
2021-10-14,150.0
2021-10-15,137.0
2021-10-16,124.0
2021-10-17,136.0
2021-10-18,74.0
2021-10-19,82.0
2021-10-20,88.0
2021-10-21,126.0
2021-10-22,138.0
2021-10-23,106.0
2021-10-24,67.0
2021-10-25,69.0
2021-10-26,129.0
2021-10-27,131.0
2021-10-28,142.0
2021-10-29,120.0
2021-10-30,122.0
2021-10-31,151.0
2021-11-01,164.0
2021-11-02,163.0
2021-11-03,152.0
2021-11-04,165.0
2021-11-05,157.0
2021-11-06,130.0
2021-11-07,135.0
2021-11-08,157.0
2021-11-09,155.0
2021-11-10,153.0
2021-11-11,159.0
2021-11-12,157.0
2021-11-13,165.0
2021-11-14,164.0
2021-11-15,170.0
2021-11-16,166.0
2021-11-17,124.0
2021-11-18,90.0
2021-11-19,109.0
2021-11-20,124.0
2021-11-21,59.0
2021-11-22,71.0
2021-11-23,84.0
2021-11-24,141.0
2021-11-25,152.0
2021-11-26,154.0
2021-11-27,157.0
2021-11-28,149.0
2021-11-29,152.0
2021-11-30,159.0
2021-12-01,148.0
2021-12-02,121.0
2021-12-03,131.0
2021-12-04,131.0
2021-12-05,126.0
2021-12-06,144.0
2021-12-07,172.0
2021-12-08,172.0
2021-12-09,170.0
2021-12-10,167.0
2021-12-11,160.0
2021-12-12,164.0
2021-12-13,154.0
2021-12-14,154.0
2021-12-15,173.0
2021-12-16,183.0
2021-12-17,181.0
2021-12-18,179.0
2021-12-19,171.0
2021-12-20,172.0
2021-12-21,174.0
2021-12-22,176.0
2021-12-23,175.0
2021-12-24,129.0
2021-12-25,142.0
2021-12-26,169.0
2021-12-27,170.0
2021-12-28,166.0
2021-12-29,140.0
2021-12-30,159.0
2021-12-31,159.0
2022-01-01,154.0
2022-01-02,158.0
2022-01-03,159.0
2022-01-04,165.0
2022-01-05,174.0
2022-01-06,152.0
2022-01-07,165.0
2022-01-08,139.0
2022-01-09,81.0
2022-01-10,104.0
2022-01-11,162.0
2022-01-12,154.0
2022-01-13,168.0
2022-01-14,170.0
2022-01-15,161.0
2022-01-16,152.0
2022-01-17,155.0
2022-01-18,160.0
2022-01-19,165.0
2022-01-20,133.0
2022-01-21,114.0
2022-01-22,96.0
2022-01-23,203.0
2022-01-24,165.0
2022-01-25,171.0
2022-01-26,166.0
2022-01-27,160.0
2022-01-28,142.0
2022-01-29,145.0
2022-01-30,159.0
2022-01-31,168.0
2022-02-01,157.0
2022-02-02,169.0
2022-02-03,135.0
2022-02-04,143.0
2022-02-05,164.0
2022-02-06,163.0
2022-02-07,127.0
2022-02-08,90.0
2022-02-09,115.0
2022-02-10,156.0
2022-02-11,133.0
2022-02-12,143.0
2022-02-13,157.0
2022-02-14,132.0
2022-02-15,92.0
2022-02-16,89.0
2022-02-17,104.0
2022-02-18,124.0
2022-02-19,153.0
2022-02-20,139.0
2022-02-21,154.0
2022-02-22,131.0
2022-02-23,135.0
2022-02-24,159.0
2022-02-25,166.0
2022-02-26,149.0
2022-02-27,152.0
2022-02-28,163.0
2022-03-01,160.0
2022-03-02,166.0
2022-03-03,164.0
2022-03-04,133.0
2022-03-05,156.0
2022-03-06,160.0
2022-03-07,160.0
2022-03-08,162.0
2022-03-09,163.0
2022-03-10,163.0
2022-03-11,161.0
2022-03-12,133.0
2022-03-13,134.0
2022-03-14,136.0
2022-03-15,156.0
2022-03-16,142.0
2022-03-17,150.0
2022-03-18,146.0
2022-03-19,100.0
2022-03-20,94.0
2022-03-21,126.0
2022-03-22,137.0
2022-03-23,131.0
2022-03-24,146.0
2022-03-25,96.0
2022-03-26,88.0
2022-03-27,92.0
2022-03-28,102.0
2022-03-29,114.0
2022-03-30,103.0
2022-03-31,106.0
2022-04-01,155.0
2022-04-02,144.0
2022-04-03,126.0
2022-04-04,110.0
2022-04-05,105.0
2022-04-06,105.0
2022-04-07,108.0
2022-04-08,110.0
2022-04-09,77.0
2022-04-10,73.0
2022-04-11,79.0
2022-04-12,101.0
2022-04-13,96.0
2022-04-14,81.0
2022-04-15,74.0
